{"cameraMode":{"drawMode":0,"name":"Shaded","section":"Shading Mode"},"sceneLighting":false,"audioPlay":false,"sceneViewState":{"m_AlwaysRefresh":false,"showFog":true,"showSkybox":false,"showFlares":true,"showImageEffects":true,"showParticleSystems":true,"showVisualEffectGraphs":true,"m_FxEnabled":true},"in2DMode":false,"pivot":{"x":-0.0007112771272659302,"y":-1.869999885559082,"z":0.0004839301109313965},"rotation":{"x":-0.16199316084384919,"y":0.7952763438224793,"z":-0.2423611432313919,"w":-0.5315596461296082},"size":0.8662846684455872,"orthographic":false}